big_demand,prob_lead_demand
21,0.08782974745793895
22,0.0817326414557119
23,0.07275189002578962
24,0.06205969262773578
25,0.0508213495178807
26,0.040017451459558914
27,0.030343260408862042
28,0.022186091231794908
29,0.015662438482748887
30,0.010688449388139846
31,0.0070587791283312686
