big_demand,prob_lead_demand
69,0.0049492025144219926
68,0.0064797187061722021
67,0.00836058954992791
66,0.010628783060664749
65,0.013310651589779317
64,0.016416648886419225
63,0.019935921781715608
62,0.02383135344633185
61,0.028035753611910234
60,0.032449940656368345
59,0.036943411260184
58,0.041358125196345095
57,0.045515642163520949
56,0.049227453133841144
55,0.052307893604342515
54,0.054588575128869304
