big_demand,prob_lead_demand
36,0.057821977864936425
35,0.063544093751094544
34,0.067892684480817547
46,0.0055623835930302921
45,0.0078108538810041633
44,0.010729778918363828
43,0.014411964926412182
42,0.018917833486595884
41,0.024254952883528118
40,0.030357362628684249
39,0.0370683944860135
38,0.0441314431498245
37,0.051193105136564922
