SupplierID,SupplierName,ShippingCost,MinShippingVolume,MaxShippingVolume,FixedOrderSize,PurchaseCostBudget
1,Supplier 1,4.1348066860837855,2.4968697148941232,610.2518404988766,852,14108.395462965069
2,Supplier 2,3.306366141023809,94.14857333888399,747.5334455449176,702,980565.3377029189
3,Supplier 3,4.98046505826299,55.28911664838847,188.803079826702,102,996709.0868209341
4,Supplier 4,6.5035219414966345,91.94748827488057,1065.071336295116,600,422131.2369200307
5,Supplier 5,7.600836308808411,3.8568980945727027,768.5269282128927,137,463794.13575261686
