big_demand,prob_demand
47,0.056961050889707633
48,0.053600954616979293
49,0.049409699552058685
50,0.04463525059813446
51,0.039531525147067384
52,0.034338078965313122
53,0.029264148643994015
54,0.02447811117512021
55,0.020102542183486383
56,0.016214319400451722
57,0.012848713246813153
58,0.010006159282600827
59,0.0076603950845857589
60,0.0057668105888288856
61,0.0042701351519637051
