big_demand,prob_lead_demand
49,0.0056696757290937106
48,0.0078445278532037355
47,0.010632136790282312
46,0.01411012698279702
45,0.018327417051013716
44,0.023287683235855432
43,0.02893286697834712
42,0.035129537706173206
41,0.04166143585735637
40,0.04823148118175459
39,0.054475735094000076
38,0.059990186912926284
37,0.064368934519829862
36,0.0672497312714332
