StoreID,StoreName,AvgHouseholdIncome,AvgTraffic
1,Store 1,61439.314835482015,115.97103552143204
2,Store 2,32305.895689101177,84.16214812928918
3,Store 3,49685.717210850074,92.32504637333459
4,Store 4,41564.00055311901,105.0065161585248
5,Store 5,39997.24480762002,117.78056346792447
6,Store 6,51713.33944225565,89.50329173792673
