big_demand,prob_lead_demand
35,0.066727825459399592
36,0.062329637494955931
37,0.056647794596816126
38,0.050129057540357541
39,0.043223015465398064
40,0.0363366763440046
41,0.02980241606461961
42,0.023861201748525178
43,0.018660100858991766
44,0.014261047944836206
45,0.010656854978625292
46,0.0077904286395212531
47,0.0055738288030968671
