big_demand,prob_demand
48,0.03256307683973677
49,0.027149664469989683
50,0.022183474822467263
51,0.017770289853532049
52,0.013961313549052034
53,0.010761815044670947
54,0.0081419208612985954
55,0.0060478261705349942
42,0.061879291231166915
43,0.058791154378678288
44,0.054587653224659881
45,0.049558371042169591
46,0.044014351146662183
47,0.038258818904124005
41,0.063614996601299378
