big_demand,prob_demand
63,0.00569634600013418
48,0.058436648934247007
49,0.057012729840666042
50,0.054511037075231396
51,0.051097173975857009
52,0.046976012618008406
53,0.042372383451761142
54,0.037512131903277388
55,0.032605560494443409
56,0.027834681487840261
57,0.023345007254341174
58,0.019241930093558016
59,0.015591188911317768
60,0.012422545502366253
61,0.0097356146161111986
64,0.0042549944667299314
62,0.007506790528895262
