big_demand,prob_demand
28,0.075954108013060392
29,0.071336655757293477
30,0.064766580349205349
31,0.056904780066907683
32,0.048434882083050614
33,0.039976409282473424
34,0.032024646289696264
35,0.024921591512302405
36,0.018855269683082283
37,0.013880033051255743
38,0.0099487010199504934
39,0.0069480230167209191
