big_demand,prob_lead_demand
49,0.0052884328116967689
48,0.0073541410533937293
47,0.010018024215047119
46,0.01336253387971357
45,0.017444379869433813
44,0.02227803764058809
43,0.027818806531295207
42,0.033948128238103767
41,0.040464484192130376
40,0.047083284328241271
39,0.053448512783444729
38,0.059157405234839845
37,0.063797196951945
36,0.066990343697825278
