big_demand,prob_lead_demand
49,0.057939850312330933
50,0.056129336081104611
51,0.053309212847502355
52,0.049657113036636641
53,0.045382470923708319
54,0.040707733152898128
55,0.035850628209050141
56,0.031009251537480884
57,0.026351113339097031
58,0.022006628704809822
59,0.018066916824682713
60,0.014585298962852732
61,0.011581586128478495
62,0.0090481312649044535
63,0.0069566616908724654
64,0.0052650615242661068
