big_demand,prob_lead_demand
52,0.052631755423020336
51,0.055478162283606927
50,0.057353920558717242
65,0.0052752702462054261
64,0.0069507062907324477
63,0.0090173676968302342
62,0.011515722640841471
61,0.014472839751437041
60,0.017895937576406038
59,0.021765897232605375
58,0.026031515568584712
57,0.030605417975290039
56,0.035362587771028062
55,0.040142362932880329
54,0.044754477414900913
53,0.048989286912596755
