big_demand,prob_demand
59,0.006902789128551589
60,0.0051567305881215575
46,0.059015268873866378
47,0.056281753342466358
48,0.052556624867362935
49,0.048076459106494086
50,0.043098638992335056
51,0.037878647714071095
52,0.032650678365076478
53,0.027613243685833989
54,0.02292053508294142
55,0.018679409753282351
56,0.014951205413743214
57,0.011757160284741688
58,0.0090860585643067811
