big_demand,prob_lead_demand
54,0.054684652674606808
55,0.052638176856987073
56,0.049763495920322136
57,0.04622044228157475
58,0.042189480106794415
59,0.037857351929457668
60,0.033403890573941164
61,0.028991139631822864
62,0.024755498065642458
63,0.020803154255506204
64,0.017208669178347312
65,0.014016255301529066
66,0.011243101573438666
67,0.0088840174283403347
68,0.0069166939509162405
69,0.0053069810771760439
70,0.0040137245923360758
